{"cameraMode":{"drawMode":0,"name":"Shaded","section":"Shading Mode"},"sceneLighting":true,"audioPlay":false,"sceneViewState":{"showFog":true,"showMaterialUpdate":false,"showSkybox":true,"showFlares":true,"showImageEffects":true,"showParticleSystems":true},"in2DMode":false,"pivot":{"x":1.285180926322937,"y":-3.0876824855804445,"z":-2.2509140968322756},"rotation":{"x":0.10279953479766846,"y":-0.8970142006874085,"z":0.3135784864425659,"w":0.29407602548599245},"size":5.985474586486816,"orthographic":false}