{"cameraMode":{"drawMode":0,"name":"Shaded","section":"Shading Mode"},"sceneLighting":true,"audioPlay":false,"sceneViewState":{"showFog":true,"showMaterialUpdate":false,"showSkybox":true,"showFlares":true,"showImageEffects":true,"showParticleSystems":true},"in2DMode":false,"pivot":{"x":6.334251403808594,"y":-3.0039427280426027,"z":-1.560835361480713},"rotation":{"x":0.07882366329431534,"y":0.8610303401947022,"z":-0.1407204121351242,"w":0.48230278491973879},"size":7.362447738647461,"orthographic":false}