{"cameraMode":{"drawMode":0,"name":"Shaded","section":"Shading Mode"},"sceneLighting":true,"audioPlay":false,"sceneViewState":{"showFog":true,"showMaterialUpdate":false,"showSkybox":true,"showFlares":true,"showImageEffects":true,"showParticleSystems":true},"in2DMode":false,"pivot":{"x":1.285180926322937,"y":-3.0876824855804445,"z":-2.2509140968322756},"rotation":{"x":0.18782956898212434,"y":-0.7119702100753784,"z":0.20766369998455048,"w":0.6439782977104187},"size":17.678001403808595,"orthographic":false}